{"errors":[],"warnings":[],"namedChunkGroups":{"polyfill":{"chunks":[0,4],"assets":["webpack-runtime-4bb7cd423f12b0f721e4.js","webpack-runtime-4bb7cd423f12b0f721e4.js.map","polyfill-0cb3af380b928d16aabf.js","polyfill-0cb3af380b928d16aabf.js.map"],"children":{},"childAssets":{}},"app":{"chunks":[0,3,1],"assets":["webpack-runtime-4bb7cd423f12b0f721e4.js","webpack-runtime-4bb7cd423f12b0f721e4.js.map","framework-c5c887c038a86482cf43.js","framework-c5c887c038a86482cf43.js.map","app-2c09e8a273b5f48b84ca.js","app-2c09e8a273b5f48b84ca.js.map"],"children":{},"childAssets":{}},"component---src-pages-index-js":{"chunks":[2],"assets":["component---src-pages-index-js-0fc8ebb46a444e4251ba.js","component---src-pages-index-js-0fc8ebb46a444e4251ba.js.map"],"children":{},"childAssets":{}}},"assetsByChunkName":{"polyfill":["webpack-runtime-4bb7cd423f12b0f721e4.js","polyfill-0cb3af380b928d16aabf.js"],"app":["webpack-runtime-4bb7cd423f12b0f721e4.js","framework-c5c887c038a86482cf43.js","app-2c09e8a273b5f48b84ca.js"],"component---src-pages-index-js":["component---src-pages-index-js-0fc8ebb46a444e4251ba.js"]}}